doc_index,document_topic
0,8
1,3
2,12
3,6
4,6
5,1
6,14
7,3
8,20
9,7
10,2
11,5
12,5
13,1
14,24
15,0
16,5
17,7
18,25
19,19
20,16
21,5
22,16
23,4
24,0
25,12
26,21
27,5
28,5
29,5
30,1
31,15
32,5
33,9
34,12
35,18
36,4
37,7
38,0
39,1
40,1
41,5
42,13
43,6
44,1
45,7
46,20
47,6
48,7
49,3
50,11
51,5
52,8
53,5
54,21
55,15
56,0
57,7
58,5
59,0
60,1
61,3
62,22
63,1
64,8
65,2
66,9
67,6
68,0
69,3
70,21
71,1
72,1
73,2
74,5
75,27
76,17
77,7
78,17
79,4
80,5
81,11
82,1
83,5
84,4
85,7
86,25
87,5
88,19
89,17
90,14
91,16
92,23
93,2
94,12
95,12
96,11
97,1
98,0
99,8
100,18
101,5
102,2
103,18
104,1
105,18
106,0
107,27
108,3
109,2
110,0
111,16
112,1
113,14
114,5
115,1
116,6
117,1
118,3
119,27
120,24
121,5
122,13
123,5
124,3
125,1
126,17
127,3
128,18
129,11
130,5
131,7
132,1
133,0
134,14
135,8
136,20
137,5
138,3
139,24
140,5
141,1
142,1
143,5
144,23
145,9
146,14
147,8
148,1
149,24
150,23
151,15
152,7
153,13
154,3
155,3
156,5
157,5
158,25
159,3
160,0
161,15
162,23
163,4
164,23
165,17
166,16
167,24
168,2
169,4
170,0
171,7
172,22
173,18
174,4
175,0
176,5
177,15
178,5
179,5
180,1
181,1
182,0
183,7
184,3
185,7
186,1
187,22
188,5
189,27
190,7
191,6
192,5
193,1
194,0
195,5
196,3
197,5
198,2
199,8
200,5
201,22
202,27
203,1
204,18
205,3
206,7
207,1
208,16
209,12
210,27
211,8
212,23
213,4
214,0
215,11
216,6
217,1
218,5
219,5
220,4
221,15
222,5
223,19
224,2
225,3
226,20
227,3
228,23
229,2
230,17
231,6
232,19
233,19
234,13
235,13
236,4
237,14
238,0
239,12
240,22
241,14
242,2
243,1
244,3
245,4
246,0
247,9
248,3
249,12
250,2
251,19
252,1
253,12
254,1
255,18
256,14
257,4
258,1
259,0
260,3
261,13
262,3
263,5
264,14
265,1
266,5
267,5
268,7
269,1
270,6
271,14
272,6
273,0
274,9
275,2
276,6
277,5
278,5
279,5
280,1
281,1
282,7
283,2
284,5
285,0
286,19
287,5
288,5
289,5
290,13
291,2
292,1
293,11
294,6
295,19
296,12
297,5
298,16
299,25
300,1
301,23
302,16
303,11
304,19
305,1
306,14
307,3
308,11
309,9
310,6
311,18
312,23
313,1
314,17
315,1
316,4
317,6
318,13
319,1
320,4
321,5
322,0
323,16
324,3
325,27
326,17
327,6
328,4
329,0
330,2
331,3
332,1
333,8
334,3
335,7
336,27
337,5
338,8
339,5
340,5
341,15
342,2
343,1
344,19
345,11
346,24
347,2
348,2
349,5
350,23
351,7
352,6
353,3
354,5
355,1
356,0
357,25
358,10
359,4
360,6
361,1
362,5
363,5
364,27
365,7
366,23
367,27
368,5
369,2
370,5
371,2
372,5
373,23
374,0
375,24
376,12
377,0
378,3
379,1
380,13
381,1
382,13
383,4
384,14
385,8
386,5
387,1
388,2
389,25
390,7
391,4
392,4
393,3
394,6
395,1
396,1
397,22
398,17
399,3
400,9
401,1
402,15
403,5
404,19
405,2
406,5
407,5
408,3
409,4
410,6
411,1
412,12
413,4
414,7
415,10
416,4
417,5
418,1
419,4
420,5
421,1
422,16
423,1
424,2
425,2
426,16
427,1
428,1
429,2
430,5
431,22
432,5
433,22
434,1
435,4
436,1
437,0
438,23
439,22
440,3
441,5
442,1
443,0
444,8
445,1
446,5
447,3
448,5
449,23
450,1
451,23
452,5
453,8
454,9
455,27
456,0
457,5
458,14
459,16
460,9
461,2
462,0
463,5
464,1
465,17
466,23
467,1
468,16
469,21
470,11
471,19
472,16
473,4
474,3
475,7
476,5
477,1
478,2
479,1
480,0
481,4
482,3
483,23
484,3
485,0
486,2
487,21
488,6
489,3
490,0
491,19
492,5
493,5
494,15
495,1
496,17
497,1
498,3
499,1
500,7
501,5
502,2
503,17
504,1
505,2
506,19
507,5
508,20
509,3
510,19
511,1
512,5
513,5
514,1
515,5
516,0
517,3
518,8
519,11
520,5
521,1
522,1
523,11
524,1
525,11
526,9
527,14
528,7
529,2
530,1
531,2
532,14
533,5
534,1
535,14
536,5
537,1
538,0
539,23
540,0
541,1
542,0
543,1
544,0
545,0
546,23
547,0
548,1
549,5
550,3
551,4
552,16
553,16
554,16
555,3
556,6
557,23
558,8
559,4
560,9
561,26
562,1
563,4
564,5
565,5
566,1
567,1
568,2
569,3
570,1
571,8
572,3
573,4
574,1
575,13
576,1
577,10
578,5
579,15
580,1
581,2
582,11
583,14
584,6
585,3
586,12
587,13
588,23
589,5
590,21
591,0
592,17
593,8
594,7
595,3
596,13
597,0
598,3
599,1
600,11
601,23
602,12
603,1
604,5
605,5
606,12
607,5
608,11
609,13
610,1
611,1
612,18
613,5
614,1
615,2
616,5
617,18
618,5
619,11
620,1
621,5
622,1
623,1
624,3
625,3
626,5
627,5
628,18
629,5
630,0
631,5
632,1
633,5
634,21
635,5
636,0
637,18
638,0
639,5
640,24
641,5
642,17
643,8
644,4
645,5
646,0
647,1
648,5
649,5
650,0
651,4
652,1
653,15
654,0
655,1
656,11
657,4
658,1
659,15
660,0
661,11
662,24
663,5
664,1
665,4
666,23
667,5
668,4
669,10
670,8
671,15
672,5
673,5
674,1
675,25
676,1
677,5
678,13
679,21
680,3
681,4
682,4
683,5
684,1
685,6
686,0
687,27
688,3
689,5
690,16
691,1
692,21
693,9
694,1
695,3
696,3
697,23
698,5
699,0
700,17
701,5
702,19
703,23
704,23
705,11
706,5
707,5
708,2
709,9
710,7
711,4
712,9
713,13
714,0
715,17
716,14
717,8
718,0
719,5
720,13
721,11
722,23
723,17
724,2
725,2
726,24
727,5
728,9
729,0
730,21
731,4
732,9
733,15
734,5
735,12
736,3
737,5
738,23
739,13
740,15
741,27
742,25
743,11
744,8
745,7
746,1
747,24
748,5
749,4
750,1
751,15
752,2
753,0
754,27
755,4
756,15
757,0
758,1
759,5
760,2
761,2
762,24
763,5
764,5
765,5
766,17
767,27
768,5
769,5
770,11
771,5
772,26
773,2
774,18
775,4
776,13
777,13
778,13
779,7
780,2
781,9
782,3
783,7
784,14
785,2
786,3
787,1
788,5
789,1
790,17
791,5
792,0
793,2
794,1
795,2
796,1
797,2
798,10
799,5
800,0
801,3
802,5
803,5
804,2
805,17
806,5
807,19
808,2
809,0
810,1
811,5
812,11
813,5
814,3
815,2
816,5
817,24
818,25
819,27
820,23
821,10
822,3
823,1
824,13
825,2
826,5
827,11
828,11
829,3
830,1
831,5
832,3
833,2
834,3
835,19
836,1
837,9
838,23
839,14
840,13
841,8
842,8
843,26
844,15
845,5
846,2
847,15
848,9
849,2
850,5
851,13
852,5
853,1
854,19
855,5
856,3
857,8
858,1
859,2
860,3
861,5
862,3
863,7
864,17
865,5
866,0
867,3
868,14
869,1
870,6
871,2
872,4
873,16
874,13
875,11
876,2
877,5
878,22
879,16
880,6
881,14
882,14
883,2
884,0
885,2
886,5
887,5
888,26
889,4
890,7
891,9
892,21
893,3
894,0
895,15
896,0
897,14
898,4
899,5
900,4
901,17
902,0
903,10
904,0
905,5
906,5
907,4
908,0
909,4
910,6
911,2
912,2
913,22
914,10
915,7
916,4
917,21
918,5
919,3
920,15
921,2
922,4
923,2
924,2
925,4
926,22
927,5
928,12
929,26
930,13
931,13
932,1
933,7
934,18
935,24
936,3
937,4
938,3
939,13
940,13
941,13
942,22
943,1
944,7
945,15
946,13
947,0
948,14
949,9
950,2
951,5
952,20
953,6
954,2
955,17
956,11
957,0
958,0
959,2
960,11
961,12
962,16
963,7
964,1
965,6
966,22
967,2
968,5
969,26
970,5
971,13
972,5
973,2
974,0
975,9
976,17
977,0
978,5
979,5
980,0
981,10
982,0
983,17
984,0
985,13
986,17
987,17
988,3
989,5
990,5
991,11
992,13
993,3
994,7
995,5
996,3
997,9
998,1
999,1
1000,5
1001,4
1002,1
1003,2
1004,13
1005,12
1006,0
1007,5
1008,7
1009,0
1010,7
1011,7
1012,7
1013,20
1014,9
1015,13
1016,9
1017,6
1018,3
1019,0
1020,9
1021,9
1022,3
1023,5
1024,5
1025,9
1026,19
1027,16
1028,1
1029,11
1030,19
1031,2
1032,27
1033,3
1034,3
1035,2
1036,13
1037,4
1038,8
1039,9
1040,23
1041,26
1042,1
1043,3
1044,13
1045,4
1046,2
1047,5
1048,5
1049,13
1050,5
1051,2
1052,5
1053,4
1054,9
1055,5
1056,5
1057,5
1058,3
1059,9
1060,9
1061,18
1062,19
1063,13
1064,15
1065,9
1066,18
1067,4
1068,15
1069,10
1070,4
1071,10
1072,0
1073,4
1074,8
1075,2
1076,2
1077,2
1078,2
1079,4
1080,5
1081,13
1082,13
1083,4
1084,4
1085,0
1086,4
1087,27
1088,3
1089,19
1090,12
1091,3
1092,2
1093,20
1094,2
1095,4
1096,22
1097,26
1098,7
1099,1
1100,5
1101,15
1102,5
1103,18
1104,5
1105,15
1106,6
1107,13
1108,3
1109,20
1110,3
1111,25
1112,5
1113,2
1114,24
1115,12
1116,19
1117,15
1118,5
1119,3
1120,3
1121,1
1122,0
1123,5
1124,1
1125,5
1126,3
1127,0
1128,21
1129,20
1130,20
1131,5
1132,1
1133,3
1134,15
1135,5
1136,2
1137,5
1138,0
1139,13
1140,23
1141,5
1142,9
1143,13
1144,14
1145,15
1146,2
1147,3
1148,5
1149,4
1150,2
1151,3
1152,2
1153,3
1154,4
1155,2
1156,4
1157,4
1158,18
1159,6
1160,3
1161,11
1162,11
1163,0
1164,5
1165,22
1166,3
1167,15
1168,5
1169,16
1170,6
1171,4
1172,5
1173,4
1174,5
1175,23
1176,2
1177,13
1178,0
1179,4
1180,7
1181,3
1182,13
1183,1
1184,20
1185,15
1186,3
1187,5
1188,20
1189,16
1190,9
1191,5
1192,25
1193,2
1194,13
1195,5
1196,5
1197,11
1198,9
1199,5
1200,5
1201,4
1202,13
1203,13
1204,3
1205,6
1206,5
1207,5
1208,18
1209,2
1210,5
1211,5
1212,13
1213,16
1214,2
1215,5
1216,5
1217,5
1218,5
1219,5
1220,5
1221,10
1222,3
1223,5
1224,7
1225,5
1226,5
1227,5
1228,27
1229,4
1230,6
1231,1
1232,7
1233,15
1234,13
1235,13
1236,5
1237,5
1238,0
1239,1
1240,5
1241,3
1242,13
1243,8
1244,5
1245,12
1246,5
1247,2
1248,9
1249,5
1250,1
1251,21
1252,21
1253,27
1254,5
1255,13
1256,5
1257,15
1258,5
1259,2
1260,5
1261,19
1262,23
1263,4
1264,5
1265,23
1266,5
1267,4
1268,26
1269,27
1270,1
1271,6
1272,19
1273,4
1274,16
1275,18
1276,5
1277,1
1278,3
1279,2
1280,5
1281,2
1282,0
1283,7
1284,27
1285,13
1286,15
1287,26
1288,26
1289,15
1290,0
1291,0
1292,5
1293,26
1294,0
1295,13
1296,5
1297,22
1298,3
1299,5
1300,5
1301,9
1302,0
1303,5
1304,5
1305,18
1306,1
1307,25
1308,15
1309,5
1310,1
1311,9
1312,11
1313,18
1314,15
1315,26
1316,5
1317,5
1318,5
1319,17
1320,6
1324,18
1333,0
1334,3
1335,3
1336,4
1337,0
1338,13
1339,13
1340,5
1341,8
1342,6
1343,7
1344,5
1345,0
1346,6
1347,5
1348,4
1349,3
1350,7
1351,5
1352,3
1353,13
1354,3
1355,13
1356,14
1357,23
1358,13
1359,5
1360,3
1361,10
1362,1
1363,4
1364,15
1365,5
1366,0
1367,5
1368,17
1369,4
1370,4
1371,20
1372,8
1373,0
1374,1
1375,12
1376,0
1377,9
1378,2
1379,13
1380,5
1381,6
1382,1
1383,24
1384,6
1385,7
1386,1
1387,0
1388,1
1389,1
1390,17
1391,5
1392,0
1393,1
1394,18
1395,17
1396,5
1397,1
1398,5
1399,24
1400,7
1401,20
1402,8
1403,1
1404,0
1405,1
1406,1
1407,6
1408,1
1409,15
1410,21
1411,16
1412,17
1413,1
1414,3
1415,18
1416,2
1417,8
1418,3
1419,5
1420,13
1421,0
1422,7
1423,12
1424,8
1425,8
1426,7
1427,23
1428,16
1429,0
1430,0
1431,2
1432,9
1433,24
1434,19
1435,27
1436,25
1437,17
1438,4
1439,2
1440,8
1441,1
1442,14
1443,11
1444,11
1445,13
1446,14
1447,1
1448,22
1449,4
1450,5
1451,8
1452,27
1453,1
1454,9
1455,14
1456,16
1457,2
1458,0
1459,2
1460,20
1461,4
1462,10
1463,7
1464,12
1465,19
1466,2
1467,0
1468,1
1469,0
1470,8
1471,12
1472,2
1473,1
1474,10
1475,17
1476,2
1477,6
1478,0
1479,1
1480,1
1481,14
1482,2
1483,1
1484,6
1485,15
1486,9
1487,10
1488,23
1489,4
1490,20
1491,1
1492,1
1493,1
1494,9
1495,2
1496,2
1497,3
1498,14
1499,0
1500,18
1501,24
1502,15
1503,2
1504,9
1505,5
1506,4
1507,9
1508,4
1509,7
1510,12
1511,3
1512,1
1513,24
1514,21
1515,24
1516,9
1517,13
1518,0
1519,13
1520,2
1521,1
1522,14
1523,2
1524,0
1525,1
1526,2
1527,17
1528,12
1529,0
1530,6
1531,1
1532,4
1533,17
1534,3
1535,2
1536,10
1537,22
1538,1
1539,4
1540,1
1541,2
1542,0
1543,14
1544,12
1545,4
1546,5
1547,0
1548,2
1549,27
1550,2
1551,2
1552,13
1553,1
1554,8
1555,7
1556,9
1557,8
1558,12
1559,4
1560,22
1561,5
1562,6
1563,9
1564,26
1565,2
1566,0
1567,5
1568,1
1569,0
1570,4
1571,4
1572,1
1573,4
1574,2
1575,22
1576,2
1577,12
1578,1
1579,6
1580,19
1581,11
1582,3
1583,1
1584,6
1585,14
1586,24
1587,5
1588,1
1589,16
1590,3
1591,0
1592,1
1593,3
1594,13
1595,5
1596,21
1597,0
1598,4
1599,14
1600,5
1601,2
1602,18
1603,5
1604,16
1605,4
1606,0
1607,7
1608,1
1609,7
1610,4
1611,26
1612,3
1613,12
1614,4
1615,7
1616,1
1617,1
1618,1
1619,1
1620,1
1621,3
1622,1
1623,1
1624,1
1625,2
1626,5
1627,2
1628,0
1629,2
1630,7
1631,4
1632,15
1633,0
1634,20
1635,5
1636,1
1637,12
1638,7
1639,5
1640,2
1641,3
1642,12
1643,6
1644,2
1645,7
1646,10
1647,0
1648,1
1649,0
1650,0
1651,19
1652,1
1653,3
1654,0
1655,1
1656,3
1657,12
1658,7
1659,25
1660,5
1661,14
1662,14
1663,0
1664,20
1665,16
1666,0
1667,12
1668,1
1669,0
1670,13
1671,13
1672,8
1673,17
1674,13
1675,8
1676,18
1677,2
1678,17
1679,14
1680,3
1681,4
1682,18
1683,5
1684,9
1685,2
1686,2
1687,8
1688,18
1689,24
1690,18
1691,14
1692,8
1693,0
1694,0
1695,1
1696,9
1697,1
1698,8
1699,1
1700,1
1701,7
1702,0
1703,0
1704,4
1705,14
1706,7
1707,9
1708,0
1709,25
1710,2
1711,10
1712,2
1713,1
1714,0
1715,16
1716,4
1717,15
1718,1
1719,2
1720,7
1721,1
1722,13
1723,2
1724,0
1725,2
1726,1
1727,15
1728,11
1729,11
1730,0
1731,8
1732,13
1733,1
1734,7
1735,9
1736,2
1737,1
1738,1
1739,20
1740,0
1741,6
1742,8
1743,1
1744,3
1745,7
1746,9
1747,2
1748,2
1749,2
1750,0
1751,18
1752,17
1753,9
1754,0
1755,1
1756,11
1757,21
1758,5
1759,8
1760,1
1761,2
1762,2
1763,3
1764,1
1765,17
1766,17
1767,0
1768,13
1769,6
1770,19
1771,2
1772,19
1773,1
1774,8
1775,1
1776,16
1777,15
1778,13
1779,1
1780,2
1781,1
1782,3
1783,5
1784,2
1785,1
1786,0
1787,13
1788,2
1789,7
1790,4
1791,0
1792,13
1793,1
1794,6
1795,19
1796,4
1797,2
1798,17
1799,6
1800,8
1801,5
1802,3
1803,11
1804,1
1805,8
1806,5
1807,6
1808,8
1809,1
1810,8
1811,6
1812,9
1813,11
1814,2
1815,1
1816,4
1817,3
1818,1
1819,8
1820,8
1821,5
1822,1
1823,10
1824,23
1825,1
1826,3
1827,1
1828,5
1829,1
1830,8
1831,3
1832,7
1833,8
1834,12
1835,5
1836,10
1837,11
1838,6
1839,1
1840,5
1841,8
1842,17
1843,1
1844,5
1845,3
1846,0
1847,5
1848,1
1849,8
1850,1
1851,1
1852,10
1853,14
1854,0
1855,8
1856,10
1857,24
1858,6
1859,10
1860,5
1861,1
1862,5
1863,5
1864,3
1865,8
1866,5
1867,3
1868,12
1869,5
1870,8
1871,0
1872,3
1873,10
1874,2
1875,11
1876,8
1877,5
1878,8
1879,11
1880,20
1881,2
1882,16
1883,1
1884,17
1885,3
1886,16
1887,1
1888,0
1889,12
1890,14
1891,2
1892,3
1893,25
1894,4
1895,3
1896,1
1897,12
1898,4
1899,19
1900,3
1901,9
1902,0
1903,2
1904,0
1905,3
1906,0
1907,11
1908,1
1909,4
1910,6
1911,0
1912,0
1913,12
1914,16
1915,5
1916,8
1917,24
1918,18
1919,14
1920,4
1921,5
1922,14
1923,23
1924,6
1925,5
1926,1
1927,1
1928,14
1929,17
1930,25
1931,14
1932,14
1933,18
1934,0
1935,7
1936,21
1937,4
1938,20
1939,4
1940,21
1941,5
1942,7
1943,10
1944,4
1945,4
1946,5
1947,4
1948,13
1949,1
1950,6
1951,1
1952,5
1953,6
1954,17
1955,7
1956,9
1957,22
1958,27
1959,4
1960,21
1961,12
1962,22
1963,15
1964,6
1965,0
1966,1
1967,2
1968,8
1969,20
1970,1
1971,22
1972,1
1973,11
1974,8
1975,2
1976,9
1977,18
1978,1
1979,14
1980,14
1981,3
1982,14
1983,1
1984,5
1985,3
1986,4
1987,13
1988,1
1989,18
1990,8
1991,17
1992,2
1993,3
1994,5
1995,1
1996,3
1997,13
1998,7
1999,16
2000,20
2001,6
2002,12
2003,4
2004,17
2005,18
2006,22
2007,8
2008,4
2009,11
2010,24
2011,14
2012,12
2013,22
2014,6
2015,8
2016,0
2017,0
2018,3
2019,11
2020,0
2021,2
2022,8
2023,0
2024,6
2025,3
2026,1
2027,17
2028,10
2029,1
2030,0
2031,7
2032,18
2033,16
2034,23
2035,14
2036,1
2037,19
2038,5
2039,12
2040,3
2041,1
2042,18
2043,3
2044,5
2045,0
2046,1
2047,1
2048,0
2049,12
2050,1
2051,5
2052,24
2053,0
2054,13
2055,5
2056,18
2057,13
2058,1
2059,4
2060,4
2061,13
2062,12
2063,4
2064,18
2065,10
2066,3
2067,16
2068,1
2069,6
2070,3
2071,1
2072,1
2073,1
2074,0
2075,8
2076,1
2077,0
2078,4
2079,3
2080,2
2081,8
2082,20
2083,21
2084,12
2085,17
2086,7
2087,8
2088,1
2089,2
2090,20
2091,4
2092,4
2093,3
2094,1
2095,18
2096,2
2097,3
2098,14
2099,16
2100,7
2101,17
2102,7
2103,7
2104,3
2105,0
2106,9
2107,12
2108,12
2109,12
2110,1
2111,1
2112,0
2113,3
2114,0
2115,0
2116,1
2117,0
2118,1
2119,2
2120,0
2121,1
2122,1
2123,0
2124,27
2125,5
2126,19
2127,8
2128,5
2129,0
2130,0
2131,24
2132,2
2133,17
2134,0
2135,7
2136,1
2137,15
2138,1
2139,4
2140,18
2141,10
2142,24
2143,25
2144,7
2145,6
2146,4
2147,12
2148,14
2149,27
2150,3
2151,8
2152,0
2153,18
2154,6
2155,0
2156,9
2157,15
2158,14
2159,3
2160,1
2161,24
2162,9
2163,3
2164,5
2165,1
2166,2
2167,25
2168,1
2169,20
2170,7
2171,25
2172,19
2173,17
2174,6
2175,0
2176,1
2177,13
2178,5
2179,1
2180,1
2181,10
2182,6
2183,1
2184,18
2185,6
2186,1
2187,1
2188,7
2189,0
2190,15
2191,1
2192,3
2193,12
2194,1
2195,8
2196,21
2197,11
2198,17
2199,2
2200,6
2201,16
2202,19
2203,18
2204,17
2205,4
2206,3
2207,14
2208,2
2209,18
2210,3
2211,27
2212,0
2213,0
2214,1
2215,3
2216,0
2217,14
2218,0
2219,15
2220,6
2221,11
2222,17
2223,5
2224,25
2225,1
2226,1
2227,1
2228,5
2229,18
2230,12
2231,27
2232,1
2233,2
2234,1
2235,2
2236,19
2237,1
2238,1
2239,8
2240,4
2241,0
2242,9
2243,0
2244,12
2245,0
2246,10
2247,1
2248,1
2249,8
2250,14
2251,15
2252,1
2253,5
2254,2
2255,3
2256,1
2257,10
2258,24
2259,18
2260,15
2261,16
2262,1
2263,1
2264,4
2265,7
2266,2
2267,1
2268,0
2269,0
2270,7
2271,1
2272,4
2273,1
2274,4
2275,6
2276,2
2277,5
2278,1
2279,14
2280,14
2281,1
2282,14
2283,1
2284,2
2285,0
2286,24
2287,10
2288,3
2289,9
2290,7
2291,1
2292,1
2293,0
2294,6
2295,10
2296,17
2297,1
2298,20
2299,11
2300,25
2301,0
2302,0
2303,1
2304,17
2305,1
2306,1
2307,1
2308,5
2309,14
2310,0
2311,5
2312,5
2313,2
2314,4
2315,22
2316,14
2317,6
2318,20
2319,2
2320,12
2321,4
2322,4
2323,10
2324,2
2325,1
2326,6
2327,5
2328,4
2329,4
2330,2
2331,2
2332,4
2333,6
2334,2
2335,24
2336,8
2337,1
2338,1
2339,0
2340,1
2341,1
2342,4
2343,11
2344,0
2345,9
2346,23
2347,14
2348,0
2349,8
2350,5
2351,21
2352,2
2353,17
2354,3
2355,27
2356,11
2357,3
2358,6
2359,0
2360,1
2361,13
2362,24
2363,4
2364,0
2365,2
2366,21
2367,2
2368,23
2369,0
2370,1
2371,1
2372,7
2373,5
2374,0
2375,12
2376,6
2377,23
2378,12
2379,12
2380,6
2381,12
2382,26
2383,7
2384,6
2385,21
2386,20
2387,2
2388,1
2389,12
2390,1
2391,1
2392,8
2393,7
2394,6
2395,0
2396,1
2397,1
2398,16
2399,0
2400,6
2401,9
2402,21
2403,10
2404,15
2405,4
2406,20
2407,9
2408,5
2409,3
2410,19
2411,25
2412,1
2413,6
2414,4
2415,1
2416,7
2417,14
2418,12
2419,6
2420,15
2421,1
2422,27
2423,10
2424,6
2425,1
2426,4
2427,14
2428,15
2429,0
2430,27
2431,1
2432,3
2433,3
2434,11
2435,24
2436,0
2437,2
2438,25
2439,4
2440,2
2441,16
2442,5
2443,16
2444,7
2445,26
2446,9
2447,0
2448,14
2449,26
2450,10
2451,2
2452,5
2453,1
2454,12
2455,8
2456,0
2457,27
2458,5
2459,17
2460,8
2461,4
2462,1
2463,1
2464,1
2465,4
2466,11
2467,13
2468,24
2469,1
2470,4
2471,2
2472,1
2473,2
2474,17
2475,21
2476,18
2477,1
2478,17
2479,1
2480,6
2481,19
2482,2
2483,7
2484,2
2485,4
2486,6
2487,7
2488,1
2489,7
2490,9
2491,1
2492,1
2493,13
2494,4
2495,15
2496,4
2497,19
2498,3
2499,12
2500,0
2501,10
2502,4
2503,4
2504,14
2505,2
2506,3
2507,1
2508,0
2509,11
2510,3
2511,18
2512,18
2513,12
2514,0
2515,2
2516,2
2517,7
2518,1
2519,9
2520,3
2521,3
2522,4
2523,23
2524,2
2525,4
2526,3
2527,17
2528,4
2529,25
2530,0
2531,2
2532,8
2533,2
2534,3
2535,2
2536,6
2537,0
2538,25
2539,0
2540,1
2541,18
2542,2
2543,25
2544,14
2545,10
2546,3
2547,1
2548,7
2549,0
2550,13
2551,16
2552,7
2553,2
2554,8
2555,19
2556,1
2557,16
2558,1
2559,12
2560,0
2561,0
2562,14
2563,0
2564,0
2565,1
2566,19
2567,6
2568,6
2569,4
2570,14
2571,4
2572,0
2573,17
2574,6
2575,6
2576,5
2577,5
2578,24
2579,14
2580,7
2581,2
2582,2
2583,0
2584,0
2585,0
2586,1
2587,4
2588,3
2589,7
2590,3
2591,1
2592,16
2593,18
2594,7
2595,11
2596,0
2597,7
2598,10
2599,2
2600,19
2601,1
2602,27
2603,1
2604,4
2605,21
2606,1
2607,6
2608,2
2609,7
2610,13
2611,11
2612,5
2613,12
2614,9
2615,19
2616,1
2617,11
2618,1
2619,3
2620,25
2621,1
2622,2
2623,18
2624,6
2625,1
2626,22
2627,3
2628,14
2629,14
2630,4
2631,20
2632,7
2633,14
2634,14
2635,0
2636,2
2637,2
2638,14
2639,22
2640,1
2641,0
2642,1
2643,3
2644,2
2645,24
2646,0
2647,1
2648,1
2649,16
2650,15
2651,0
2652,1
2653,1
2654,19
2655,16
2656,1
2657,11
2658,2
2659,7
2660,12
2661,1
2662,6
2663,20
2664,11
2665,14
2666,19
2667,13
2668,19
2669,1
2670,6
2671,18
2672,24
2673,6
2674,1
2675,3
2676,8
2677,0
2678,6
2679,4
2680,17
2681,1
2682,22
2683,14
2684,2
2685,18
2686,1
2687,2
2688,7
2689,1
2690,17
2691,16
2692,11
2693,8
2694,12
2695,5
2696,0
2697,1
2698,21
2699,3
2700,11
2701,2
2702,17
2703,1
2704,14
2705,11
2706,6
2707,17
2708,1
2709,16
2710,2
2711,11
2712,12
2713,7
2714,2
2715,25
2716,0
2717,13
2718,24
2719,9
2720,21
2721,6
2722,12
2723,5
2724,0
2725,25
2726,21
2727,11
2728,17
2729,0
2730,9
2731,1
2732,15
2733,1
2734,14
2735,17
2736,22
2737,14
2738,6
2739,0
2740,15
2741,5
2742,3
2743,10
2744,23
2745,16
2746,1
2747,0
2748,1
2749,17
2750,14
2751,21
2752,3
2753,4
2754,1
2755,5
2756,1
2757,23
2758,7
2759,1
2760,2
2761,0
2762,6
2763,18
2764,15
2765,14
2766,4
2767,18
2768,8
2769,9
2770,3
2771,4
2772,4
2773,2
2774,19
2775,18
2776,16
2777,0
2778,2
2779,0
2780,0
2781,1
2782,0
2783,0
2784,3
2785,19
2786,1
2787,11
2788,10
2789,12
2790,10
2791,15
2792,3
2793,12
2794,11
2795,6
2796,0
2797,1
2798,8
2799,0
2800,0
2801,0
2802,12
2803,19
2804,16
2805,1
2806,11
2807,4
2808,1
2809,6
2810,0
2811,17
2812,6
2813,11
2814,18
2815,6
2816,0
2817,17
2818,0
2819,1
2820,1
2821,24
2822,1
2823,14
2824,4
2825,0
2826,2
2827,6
2828,18
2829,0
2830,0
2831,0
2832,22
2833,1
2834,7
2835,5
2836,1
2837,2
2838,21
2839,18
2840,1
2841,0
2842,4
2843,2
2844,1
2845,2
2846,11
2847,3
2848,1
2849,0
2850,18
2851,12
2852,22
2853,1
2854,15
2855,3
2856,4
2857,14
2858,26
2859,17
2860,14
2861,22
2862,27
2863,19
2864,13
2865,2
2866,19
2867,4
2868,6
2869,1
2870,1
2871,1
2872,7
2873,4
2874,0
2875,16
2876,2
2877,6
2878,1
2879,17
2880,18
2881,19
2882,10
2883,4
2884,19
2885,20
2886,1
2887,13
2888,18
2889,25
2890,8
2891,8
2892,0
2893,7
2894,14
2895,1
2896,1
2897,4
2898,3
2899,9
2900,1
2901,27
2902,0
2903,4
2904,5
2905,27
2906,5
2907,22
2908,1
2909,4
2910,0
2911,3
2912,12
2913,22
2914,4
2915,4
2916,1
2917,0
2918,1
2919,2
2920,1
2921,2
2922,19
2923,1
2924,0
2925,0
2926,2
2927,0
2928,1
2929,17
2930,1
2931,11
2932,14
2933,0
2934,7
2935,4
2936,17
2937,3
2938,2
2939,1
2940,10
2941,1
2942,0
2943,2
2944,0
2945,10
2946,15
2947,1
2948,17
2949,4
2950,1
2951,0
2952,1
2953,15
2954,6
2955,7
2956,12
2957,14
2958,21
2959,19
2960,11
2961,0
2962,12
2963,2
2964,0
2965,14
2966,0
2967,8
2968,2
2969,0
2970,0
2971,0
2972,8
2973,4
2974,6
2975,8
2976,0
2977,11
2978,2
2979,16
2980,8
2981,1
2982,10
2983,1
2984,18
2985,0
2986,4
2987,8
2988,9
2989,0
2990,1
2991,16
2992,1
2993,0
2994,0
2995,7
2996,0
2997,1
2998,4
2999,2
3000,1
3001,0
3002,11
3003,1
3004,7
3005,12
3006,0
3007,6
3008,1
3009,15
3010,1
3011,17
3012,4
3013,15
3014,11
3015,15
3016,0
3017,11
3018,3
3019,2
3020,1
3021,11
3022,6
3023,5
3024,1
3025,21
3026,1
3027,9
3028,3
3029,4
3030,0
3031,5
3032,1
3033,4
3034,0
3035,7
3036,16
3037,2
3038,20
3039,0
3040,3
3041,18
3042,1
3043,3
3044,15
3045,19
3046,1
3047,1
3048,1
3049,15
3050,1
3051,10
3052,4
3053,1
3054,9
3055,1
3056,3
3057,11
3058,3
3059,4
3060,3
3061,5
3062,1
3063,12
3064,1
3065,22
3066,14
3067,0
3068,18
3069,12
3070,0
3071,1
3072,3
3073,19
3074,26
3075,4
3076,4
3077,1
3078,0
3079,14
3080,15
3081,22
3082,14
3083,2
3084,22
3085,13
3086,1
3087,6
3088,8
3089,3
3090,0
3091,12
3092,22
3093,8
3094,19
3095,10
3096,4
3097,5
3098,2
3099,1
3100,15
3101,16
3102,6
3103,0
3104,3
3105,14
3106,14
3107,18
3108,26
3109,10
3110,2
3111,2
3112,4
3113,0
3114,12
3115,3
3116,3
3117,1
3118,10
3119,14
3120,3
3121,0
3122,3
3123,12
3124,0
3125,3
3126,0
3127,0
3128,18
3129,14
3130,6
3131,24
3132,4
3133,6
3134,4
3135,0
3136,1
3137,11
3138,24
3139,6
3140,7
3141,0
3142,2
3143,21
3144,0
3145,0
3146,20
3147,5
3148,8
3149,11
3150,1
3151,1
3152,17
3153,11
3154,17
3155,5
3156,11
3157,17
3158,1
3159,6
3160,2
3161,3
3162,3
3163,15
3164,0
3165,2
3166,15
3167,12
3168,8
3169,0
3170,27
3171,2
3172,16
3173,9
3174,1
3175,18
3176,13
3177,2
3178,0
3179,1
3180,1
3181,10
3182,9
3183,1
3184,4
3185,0
3186,13
3187,1
3188,0
3189,5
3190,2
3191,4
3192,15
3193,13
3194,4
3195,25
3196,22
3197,0
3198,0
3199,26
3200,1
3201,5
3202,3
3203,15
3204,8
3205,1
3206,4
3207,2
3208,16
3209,20
3210,24
3211,1
3212,9
3213,1
3214,2
3215,4
3216,27
3217,1
3218,6
3219,2
3220,17
3221,8
3222,1
3223,2
3224,1
3225,11
3226,4
3227,3
3228,15
3229,13
3230,1
3231,3
3232,0
3233,17
3234,0
3235,4
3236,18
3237,0
3238,1
3239,3
3240,1
3241,1
3242,1
3243,5
3244,0
3245,1
3246,1
3247,2
3248,1
3249,12
3250,9
3251,1
3252,18
3253,19
3254,3
3255,1
3256,15
3257,16
3258,20
3259,5
3260,3
3261,4
3262,5
3263,2
3264,6
3265,1
3266,0
3267,15
3268,4
3269,17
3270,1
3271,2
3272,7
3273,0
3274,0
3275,9
3276,15
3277,2
3278,5
3279,4
3280,15
3281,11
3282,2
3283,19
3284,25
3285,11
3286,8
3287,12
3288,11
3289,1
3290,1
3291,1
3292,11
3293,10
3294,12
3295,8
3296,0
3297,4
3298,1
3299,5
3300,14
3301,0
3302,25
3303,1
3304,1
3305,4
3306,2
3307,1
3308,2
3309,8
3310,0
3311,6
3312,16
3313,3
3314,9
3315,18
3316,0
3317,11
3318,0
3319,4
3320,1
3321,16
3322,0
3323,9
3324,23
3325,4
3326,7
3327,2
3328,23
3329,1
3330,4
3331,19
3332,0
3333,9
3334,15
3335,4
3336,12
3337,2
3338,17
3339,0
3340,1
3341,1
3342,3
3343,8
3344,14
3345,17
3346,25
3347,11
3348,7
3349,8
3350,2
3351,9
3352,9
3353,6
3354,13
3355,12
3356,4
3357,3
3358,4
3359,2
3360,3
3361,4
3362,11
3363,9
3364,1
3365,4
3366,24
3367,0
3368,20
3369,9
3370,0
3371,4
3372,18
3373,6
3374,7
3375,2
3376,2
3377,1
3378,7
3379,3
3380,1
3381,0
3382,1
3383,27
3384,6
3385,19
3386,4
3387,17
3388,5
3389,1
3390,3
3391,5
3392,21
3393,0
3394,1
3395,8
3396,4
3397,2
3398,1
3399,4
3400,2
3401,11
3402,4
3403,2
3404,4
3405,2
3406,2
3407,23
3408,0
3409,22
3410,24
3411,7
3412,1
3413,4
3414,12
3415,2
3416,17
3417,11
3418,0
3419,17
3420,9
3421,11
3422,16
3423,0
3424,4
3425,21
3426,0
3427,8
3428,3
3429,1
3430,1
3431,11
3432,1
3433,3
3434,2
3435,10
3436,16
3437,2
3438,2
3439,0
3440,24
3441,7
3442,0
3443,1
3444,12
3445,9
3446,13
3447,3
3448,9
3449,22
3450,14
3451,2
3452,16
3453,9
3454,12
3455,2
3456,8
3457,17
3458,14
3459,23
3460,4
3461,0
3462,2
3463,14
3464,1
3465,6
3466,2
3467,1
3468,2
3469,2
3470,6
3471,1
3472,2
3473,3
3474,21
3475,0
3476,2
3477,2
3478,12
3479,19
3480,6
3481,23
3482,14
3483,23
3484,19
3485,1
3486,0
3487,17
3488,12
3489,1
3490,21
3491,7
3492,18
3493,12
3494,3
3495,1
3496,0
3497,25
3498,23
3499,3
3500,2
3501,2
3502,8
3503,3
3504,11
3505,1
3506,18
3507,14
3508,25
3509,7
3510,0
3511,3
3512,11
3513,7
3514,6
3515,9
3516,11
3517,11
3518,27
3519,21
3520,13
3521,15
3522,25
3523,6
3524,3
3525,2
3526,22
3527,3
3528,17
3529,2
3530,14
3531,12
3532,9
3533,14
3534,2
3535,7
3536,10
3537,16
3538,7
3539,0
3540,15
3541,6
3542,1
3543,21
3544,12
3545,13
3546,4
3547,24
3548,3
3549,8
3550,22
3551,22
3552,0
3553,4
3554,5
3555,0
3556,19
3557,16
3558,6
3559,16
3560,9
3561,9
3562,7
3563,18
3564,4
3565,3
3566,10
3567,22
3568,1
3569,14
3570,2
3571,27
3572,19
3573,13
3574,23
3575,3
3576,1
3577,11
3578,21
3579,20
3580,14
3581,0
3582,1
3583,2
3584,0
3585,3
3586,18
3587,9
3588,25
3589,17
3590,5
3591,2
3592,6
3593,3
3594,0
3595,19
3596,2
3597,10
3598,1
3599,11
3600,6
3601,14
3602,22
3603,18
3604,8
3605,9
3606,2
3607,2
3608,2
3609,6
3610,20
3611,6
3612,0
3613,5
3614,14
3615,3
3616,10
3617,10
3618,1
3619,9
3620,1
3621,24
3622,3
3623,5
3624,7
3625,2
3626,1
3627,2
3628,2
3629,15
3630,16
3631,9
3632,1
3633,2
3634,15
3635,9
3636,1
3637,15
3638,9
3639,2
3640,3
3641,23
3642,18
3643,14
3644,11
3645,4
3646,14
3647,7
3648,0
3649,2
3650,9
3651,6
3652,0
3653,22
3654,22
3655,7
3656,4
3657,0
3658,7
3659,16
3660,21
3661,3
3662,7
3663,0
3664,4
3665,2
3666,11
3667,21
3668,11
3669,14
3670,9
3671,1
3672,18
3673,2
3674,9
3675,22
3676,1
3677,12
3678,20
3679,4
3680,18
3681,5
3682,19
3683,1
3684,14
3685,19
3686,16
3687,1
3688,8
3689,3
3690,1
3691,7
3692,0
3693,13
3694,9
3695,0
3696,2
3697,17
3698,2
3699,1
3700,17
3701,3
3702,14
3703,0
3704,3
3705,12
3706,0
3707,0
3708,24
3709,3
3710,11
3711,0
3712,21
3713,9
3714,1
3715,9
3716,4
3717,3
3718,2
3719,12
3720,4
3721,16
3722,1
3723,25
3724,10
3725,2
3726,2
3727,1
3728,7
3729,27
3730,15
3731,2
3732,2
3733,13
3734,4
3735,17
3736,1
3737,0
3738,14
3739,3
3740,11
3741,26
3742,3
3743,5
3744,19
3745,0
3746,20
3747,13
3748,4
3749,16
3750,15
3751,0
3752,4
3753,10
3754,2
3755,6
3756,2
3757,0
3758,3
3759,2
3760,6
3761,7
3762,4
3763,10
3764,1
3765,4
3766,0
3767,3
3768,0
3769,11
3770,2
3771,0
3772,6
3773,21
3774,6
3775,2
3776,1
3777,0
3778,9
3779,1
3780,10
3781,0
3782,17
3783,14
3784,8
3785,0
3786,1
3787,1
3788,12
3789,5
3790,1
3791,17
3792,9
3793,4
3794,12
3795,2
3796,0
3797,10
3798,4
3799,0
3800,1
3801,24
3802,2
3803,5
3804,12
3805,13
3806,24
3807,6
3808,25
3809,0
3810,2
3811,5
3812,9
3813,2
3814,7
3815,0
3816,0
3817,0
3818,9
3819,10
3820,1
3821,6
3822,2
3823,6
3824,16
3825,2
3826,17
3827,11
3828,6
3829,13
3830,24
3831,2
3832,23
3833,26
3834,6
3835,3
3836,9
3837,7
3838,4
3839,9
3840,22
3841,4
3842,0
3843,0
3844,20
3845,23
3846,8
3847,2
3848,6
3849,2
3850,0
3851,21
3852,4
3853,2
3854,15
3855,4
3856,2
3857,7
3858,15
3859,14
3860,0
3861,0
3862,15
3863,3
3864,15
3865,4
3866,24
3867,20
3868,8
3869,6
3870,3
3871,6
3872,2
3873,17
3874,10
3875,0
3876,24
3877,1
3878,2
3879,6
3880,0
3881,3
3882,0
3883,4
3884,15
3885,11
3886,11
3887,2
3888,16
3889,10
3890,4
3891,8
3892,3
3893,8
3894,21
3895,0
3896,9
3897,6
3898,26
3899,0
3900,23
3901,10
3902,23
3903,1
3904,1
3905,10
3906,10
3907,6
3908,1
3909,3
3910,0
3911,16
3912,6
3913,24
3914,17
3915,2
3916,2
3917,1
3918,4
3919,2
3920,4
3921,1
3922,13
3923,11
3924,24
3925,6
3926,1
3927,0
3928,0
3929,9
3930,16
3931,26
3932,9
3933,7
3934,0
3935,1
3936,0
3937,2
3938,0
3939,22
3940,0
3941,24
3942,2
3943,4
3944,3
3945,9
3946,2
3947,17
3948,0
3949,4
3950,4
3951,4
3952,0
3953,4
3954,2
3955,20
3956,4
3957,3
3958,10
3959,15
3960,4
3961,2
3962,16
3963,20
3964,2
3965,3
3966,1
3967,15
3968,2
3969,8
3970,7
3971,1
3972,6
3973,12
3974,2
3975,4
3976,6
3977,1
3978,3
3979,0
3980,1
3981,0
3982,8
3983,8
3984,1
3985,6
3986,0
3987,0
3988,0
3989,4
3990,9
3991,20
3992,8
3993,0
3994,4
3995,4
3996,9
3997,5
3998,0
3999,16
4000,0
4001,10
4002,19
4003,11
4004,12
4005,13
4006,2
4007,6
4008,4
4009,7
4010,12
4011,15
4012,1
4013,7
4014,13
4015,0
4016,2
4017,9
4018,7
4019,1
4020,3
4021,0
4022,2
4023,0
4024,2
4025,2
4026,2
4027,11
4028,2
4029,12
4030,4
4031,7
4032,7
4033,25
4034,0
4035,1
4036,2
4037,3
4038,2
4039,2
4040,3
4041,1
4042,1
4043,20
4044,2
4045,2
4046,0
4047,0
4048,3
4049,4
4050,7
4051,4
4052,7
4053,21
4054,6
4055,6
4056,9
4057,2
4058,2
4059,22
4060,2
4061,18
4062,8
4063,4
4064,0
4065,22
4066,3
4067,26
4068,15
4069,4
4070,4
4071,1
4072,0
4073,15
4074,0
4075,2
4076,6
4077,19
4078,21
4079,6
4080,19
4081,1
4082,18
4083,6
4084,1
4085,1
4086,0
4087,1
4088,8
4089,8
4090,16
4091,9
4092,0
4093,7
4094,12
4095,7
4096,8
4097,24
4098,2
4099,19
4100,7
4101,10
4102,12
4103,2
4104,4
4105,11
4106,0
4107,8
4108,9
4109,1
4110,6
4111,10
4112,21
4113,3
4114,16
4115,3
4116,4
4117,11
4118,20
4119,12
4120,7
4121,10
4122,3
4123,14
4124,20
4125,6
4126,21
4127,25
4128,3
4129,9
4130,9
4131,20
4132,1
4133,15
4134,27
4135,2
4136,0
4137,0
4138,25
4139,14
4140,13
4141,0
4142,0
4143,26
4144,4
4145,13
4146,0
4147,0
4148,10
4149,9
4150,2
4151,0
4152,2
4153,2
4154,8
4155,6
4156,0
4157,5
4158,12
4159,0
4160,15
4161,23
4162,2
4163,22
4164,0
4165,9
4166,6
4167,2
4168,6
4169,14
4170,2
4171,1
4172,0
4173,16
4174,4
4175,0
4176,0
4177,8
4178,2
4179,0
4180,9
4181,18
4182,0
4183,10
4184,23
4185,9
4186,22
4187,15
4188,8
4189,0
4190,0
4191,1
4192,21
4193,12
4194,5
4195,9
4196,1
4197,5
4198,8
4199,10
4200,5
4201,9
4202,3
4203,11
4204,6
4205,10
4206,14
4207,8
4208,10
4209,15
4210,26
4211,16
4212,3
4213,3
4214,3
4215,25
4216,3
4217,10
4218,7
4219,22
4220,10
4221,9
4222,5
4223,1
4224,7
4225,21
4226,14
4227,14
4228,2
4229,0
4230,7
4231,16
4232,13
4233,23
4234,19
4235,6
4236,3
4237,4
4238,2
4239,18
4240,7
4241,8
4242,3
4243,2
4244,9
4245,0
4246,6
4247,19
4248,14
4249,4
4250,1
4251,3
4252,17
4253,0
4254,9
4255,21
4256,16
4257,12
4258,0
4259,1
4260,10
4261,9
4262,3
4263,8
4264,7
4265,12
4266,17
4267,14
4268,18
4269,0
4270,3
4271,18
4272,1
4273,10
4274,10
4275,10
4276,4
4277,7
4278,8
4279,7
4280,6
4281,0
4282,4
4283,15
4284,0
4285,18
4286,14
4287,21
4288,2
4289,20
4290,1
4291,19
4292,20
4293,1
4294,11
4295,2
4296,6
4297,1
4298,0
4299,18
4300,0
4301,5
4302,2
4303,3
4304,2
4305,0
4306,1
4307,3
4308,0
4309,0
4310,7
4311,3
4312,19
4313,22
4314,2
4315,10
4316,2
4317,7
4318,1
4319,19
4320,7
4321,20
4322,3
4323,6
4324,6
4325,9
4326,2
4327,1
4328,1
4329,1
4330,3
4331,4
4332,0
4333,4
4334,17
4335,8
4336,26
4337,2
4338,10
4339,8
4340,0
4341,7
4342,7
4343,25
4344,16
4345,14
4346,4
4347,23
4348,6
4349,0
4350,4
4351,1
4352,4
4353,0
4354,18
4355,7
4356,1
4357,9
4358,19
4359,2
4360,6
4361,4
4362,1
4363,2
4364,3
4365,26
4366,9
4367,3
4368,0
4369,3
4370,12
4371,4
4372,4
4373,9
4374,1
4375,10
4376,4
4377,19
4378,4
4379,1
4380,0
4381,6
4382,16
4383,8
4384,0
4385,4
4386,3
4387,10
4388,0
4389,2
4390,1
4391,7
4392,3
4393,6
4394,4
4395,8
4396,0
4397,3
4398,8
4399,7
4400,4
4401,6
4402,3
4403,0
4404,12
4405,15
4406,6
4407,18
4408,8
4409,16
4410,0
4411,10
4412,0
4413,3
4414,8
4415,14
4416,15
4417,10
4418,0
4419,4
4420,3
4421,7
4422,19
4423,0
4424,10
4425,10
4426,0
4427,13
4428,0
4429,1
4430,13
4431,26
4432,15
4433,10
4434,4
4435,11
4436,8
4437,4
4438,2
4439,11
4440,19
4441,9
4442,7
4443,3
4444,2
4445,2
4446,0
4447,0
4448,21
4449,0
4450,15
4451,10
4452,10
4453,1
4454,2
4455,2
4456,0
4457,6
4458,0
4459,0
4460,6
4461,9
4462,18
4463,2
4464,0
4465,11
4466,12
4467,10
4468,3
4469,15
4470,12
4471,16
4472,4
4473,2
4474,2
4475,2
4476,12
4477,9
4478,3
4479,4
4480,3
4481,8
4482,7
4483,15
4484,18
4485,0
4486,10
4487,16
4488,11
4489,24
4490,0
4491,11
4492,3
4493,8
4494,17
4495,2
4496,0
4497,22
4498,8
4499,9
4500,7
4501,0
4502,1
4503,6
4504,4
4505,4
4506,9
4507,21
4508,24
4509,16
4510,2
4511,7
4512,7
4513,9
4514,3
4515,0
4516,6
4517,0
4518,14
4519,6
4520,7
4521,11
4522,3
4523,3
4524,9
4525,7
4526,6
4527,7
4528,12
4529,2
4530,0
4531,7
4532,11
4533,14
4534,0
4535,2
4536,0
4537,16
4538,9
4539,6
4540,7
4541,9
4542,0
4543,13
4544,13
4545,2
4546,2
4547,4
4548,2
4549,22
4550,3
4551,1
4552,10
4553,4
4554,2
4555,4
4556,2
4557,12
4558,4
4559,0
4560,3
4561,15
4562,10
4563,3
4564,21
4565,11
4566,0
4567,4
4568,7
4569,16
4570,6
4571,18
4572,7
4573,0
4574,2
4575,0
4576,21
4577,2
4578,10
4579,5
4580,19
4581,7
4582,1
4583,4
4584,0
4585,0
4586,4
4587,0
4588,9
4589,2
4590,26
4591,6
4592,0
4593,7
4594,20
4595,0
4596,4
4597,1
4598,27
4599,1
4600,7
4601,4
4602,16
4603,0
4604,4
4605,7
4606,16
4607,10
4608,1
4609,9
4610,9
4611,10
4612,8
4613,0
4614,4
4615,3
4616,4
4617,11
4618,8
4619,0
4620,7
4621,4
4622,0
4623,0
4624,11
4625,7
4626,14
4627,0
4628,6
4629,0
4630,25
4631,0
4632,0
4633,0
4634,4
4635,4
4636,3
4637,7
4638,0
4639,3
4640,2
4641,5
4642,14
4643,2
4644,6
4645,10
4646,7
4647,0
4648,6
4649,16
4650,0
4651,11
4652,4
4653,26
4654,0
4655,15
4656,0
4657,7
4658,0
4659,1
4660,15
4661,8
4662,2
4663,2
4664,16
4665,2
4666,16
4667,0
4668,15
4669,8
4670,9
4671,9
4672,6
4673,9
4674,16
4675,3
4676,16
4677,4
4678,3
4679,2
4680,0
4681,3
4682,18
4683,3
4684,12
4685,13
4686,3
4687,0
4688,0
4689,8
4690,20
4691,13
4692,9
4693,2
4694,8
4695,21
4696,10
4697,4
4698,9
4699,12
4700,17
4701,7
4702,13
4703,11
4704,2
4705,6
4706,14
4707,9
4708,26
4709,0
4710,8
4711,10
4712,4
4713,19
4714,16
4715,7
4716,10
4717,24
4718,10
4719,11
4720,1
4721,3
4722,0
4723,0
4724,8
4725,10
4726,24
4727,16
4728,0
4729,1
4730,4
4731,0
4732,3
4733,8
4734,20
4735,3
4736,5
4737,0
4738,7
4739,6
4740,11
4741,25
4742,0
4743,3
4744,1
4745,0
4746,3
4747,2
4748,13
4749,10
4750,15
4751,6
4752,4
4753,10
4754,16
4755,19
4756,7
4757,10
4758,0
4759,18
4760,20
4761,16
4762,20
4763,2
4764,15
4765,10
4766,0
4767,10
4768,18
4769,3
4770,21
4771,22
4772,6
4773,2
4774,0
4775,7
4776,0
4777,16
4778,10
4779,0
4780,13
4781,18
4782,1
4783,2
4784,15
4785,2
4786,4
4787,3
4788,21
4789,15
4790,0
4791,20
4792,3
4793,16
4794,0
4795,2
4796,16
4797,3
4798,3
4799,6
4800,0
4801,23
4802,4
4803,26
4804,0
4805,0
4806,21
4807,12
4808,0
4809,0
4810,23
4811,0
4812,25
4813,7
4814,1
4815,24
4816,6
4817,20
4818,12
4819,0
4820,0
4821,4
4822,0
4823,20
4824,2
4825,6
4826,2
4827,12
4828,3
4829,4
4830,10
4831,0
4832,6
4833,11
4834,2
4835,0
4836,6
4837,27
4838,6
4839,4
4840,12
4841,10
4842,2
4843,20
4844,10
4845,0
4846,6
4847,4
4848,9
4849,1
4850,0
4851,0
4852,2
4853,9
4854,7
4855,11
4856,19
4857,8
4858,10
4859,2
4860,2
4861,18
4862,0
4863,15
4864,10
4865,2
4866,1
4867,7
4868,17
4869,1
4870,6
4871,9
4872,6
4873,7
4874,2
4875,0
4876,1
4877,8
4878,14
4879,26
4880,1
4881,9
4882,3
4883,15
4884,2
4885,3
4886,0
4887,6
4888,8
4889,2
4890,1
4891,7
4892,1
4893,0
4894,1
4895,3
4896,20
4897,0
4898,20
4899,4
4900,4
4901,15
4902,3
4903,4
4904,0
4905,3
4906,3
4907,2
4908,6
4909,0
4910,2
4911,12
4912,0
4913,5
4914,0
4915,8
4916,13
4917,9
4918,17
4919,2
4920,0
4921,10
4922,7
4923,24
4924,7
4925,2
4926,18
4927,11
4928,2
4929,15
4930,10
4931,6
4932,15
4933,10
4934,18
4935,2
4936,4
4937,4
4938,7
4939,6
4940,8
4941,7
4942,7
4943,12
4944,10
4945,9
4946,2
4947,4
4948,7
4949,0
4950,6
4951,12
4952,2
4953,2
4954,20
4955,18
4956,13
4957,7
4958,6
4959,4
4960,5
4961,6
4962,2
4963,15
4964,10
4965,9
4966,18
4967,2
4968,3
4969,0
4970,0
4971,3
4972,4
4973,4
4974,20
4975,7
4976,3
4977,2
4978,8
4979,20
4980,10
4981,12
4982,2
4983,4
4984,9
4985,8
4986,2
4987,12
4988,0
4989,13
4990,4
4991,2
4992,10
4993,19
4994,4
4995,8
4996,7
4997,10
4998,26
4999,12
5000,6
5001,10
5002,2
5003,5
5004,7
5005,4
5006,6
5007,2
5008,11
5009,8
5010,10
5011,0
5012,11
5013,0
5014,1
5015,3
5016,19
5017,0
5018,8
5019,4
5020,0
5021,20
5022,2
5023,15
5024,3
5025,15
5026,7
5027,0
5028,18
5029,10
5030,11
5031,10
5032,27
5033,0
5034,18
5035,10
5036,5
5037,1
5038,7
5039,2
5040,4
5041,2
5042,12
5043,2
5044,4
5045,10
5046,3
5047,2
5048,4
5049,0
5050,8
5051,10
5052,14
5053,0
5054,2
5055,5
5056,0
5057,12
5058,1
5059,26
5060,5
5061,20
5062,8
5063,6
5064,1
5065,4
5066,0
5067,1
5068,7
5069,5
5070,20
5071,2
5072,0
5073,5
5074,8
5075,0
5076,2
5077,3
5078,11
5079,8
5080,3
5081,0
5082,4
5083,0
5084,17
5085,0
5086,9
5087,2
5088,10
5089,0
5090,6
5091,2
5092,10
5093,1
5094,0
5095,22
5096,7
5097,12
5098,10
5099,20
5100,9
5101,5
5102,10
5103,7
5104,0
5105,20
5106,6
5107,6
5108,2
5109,11
5110,8
5111,12
5112,3
5113,10
5114,19
5115,4
5116,13
5117,12
5118,0
5119,2
5120,7
5121,26
5122,8
5123,9
5124,17
5125,16
5126,18
5127,18
5128,7
5129,0
5130,2
5131,3
5132,4
5133,4
5134,18
5135,0
5136,16
5137,17
5138,1
5139,12
5140,0
5141,2
5142,1
5143,2
5144,6
5145,6
5146,4
5147,4
5148,8
5149,10
5150,11
5151,11
5152,25
5153,3
5154,0
5155,10
5156,3
5157,1
5158,9
5159,6
5160,1
5161,6
5162,0
5163,0
5164,6
5165,10
5166,6
5167,15
5168,4
5169,0
5170,25
5171,0
5172,20
5173,8
5174,3
5175,2
5176,8
5177,26
5178,6
5179,27
5180,10
5181,6
5182,0
5183,8
5184,19
5185,0
5186,3
5187,0
5188,2
5189,0
5190,0
5191,6
5192,7
5193,6
5194,13
5195,21
5196,3
5197,26
5198,0
5199,0
5200,3
5201,6
5202,10
5203,10
5204,10
5205,7
5206,20
5207,0
5208,9
5209,4
5210,16
5211,0
5212,20
5213,17
5214,0
5215,25
5216,9
5217,10
5218,0
5219,7
5220,0
5221,0
5222,8
5223,20
5224,11
5225,4
5226,1
5227,18
5228,0
5229,17
5230,6
5231,0
5232,10
5233,10
5234,2
5235,7
5236,0
5237,7
5238,8
5239,3
5240,0
5241,8
5242,0
5243,1
5244,2
5245,4
5246,17
5247,17
5248,1
5249,6
5250,6
5251,10
5252,12
5253,0
5254,10
5255,0
5256,9
5257,8
5258,26
5259,2
5260,6
5261,22
5262,2
5263,2
5264,7
5265,4
5266,3
5267,14
5268,3
5269,26
5270,16
5271,25
5272,0
5273,3
5274,3
5275,22
5276,8
5277,0
5278,2
5279,23
5280,0
5281,0
5282,7
5283,6
5284,0
5285,4
5286,26
5287,15
5288,11
5289,26
5290,3
5291,10
5292,4
5293,10
5294,5
5295,3
5296,5
5297,8
5298,22
5299,4
5300,15
5301,3
5302,2
5303,3
5304,4
5305,12
5306,10
5307,11
5308,3
5309,13
5310,10
5311,4
5312,1
5313,0
5314,9
5315,8
5316,17
5317,6
5318,10
5319,0
5320,9
5321,8
5322,19
5323,1
5324,4
5325,8
5326,4
5327,7
5328,4
5329,10
5330,18
5331,11
5332,4
5333,4
5334,1
5335,0
5336,11
5337,19
5338,1
5339,3
5340,13
5341,12
5342,4
5343,3
5344,0
5345,22
5346,2
5347,10
5348,0
5349,16
5350,6
5351,2
5352,0
5353,5
5354,21
5355,7
5356,20
5357,23
5358,2
5359,20
5360,7
5361,0
5362,2
5363,5
5364,2
5365,17
5366,18
5367,26
5368,4
5369,13
5370,9
5371,0
5372,4
5373,4
5374,2
5375,8
5376,10
5377,10
5378,0
5379,4
5380,1
5381,14
5382,4
5383,4
5384,15
5385,2
5386,2
5387,0
5388,4
5389,0
5390,0
5391,0
5392,25
5393,2
5394,8
5395,0
5396,3
5397,16
5398,7
5399,25
5400,7
5401,4
5402,16
5403,10
5404,10
5405,3
5406,3
5407,10
5408,22
5409,10
5410,10
5411,2
5412,20
5413,0
5414,8
5415,3
5416,8
5417,3
5418,7
5419,2
5420,0
5421,11
5422,22
5423,8
5424,10
5425,7
5426,5
5427,19
5428,4
5429,0
5430,2
5431,4
5432,1
5433,19
5434,5
5435,7
5436,13
5437,20
5438,21
5439,2
5440,26
5441,2
5442,3
5443,2
5444,7
5445,11
5446,5
5447,18
5448,9
5449,3
5450,4
5451,5
5452,7
5453,12
5454,13
5455,4
5456,4
5457,22
5458,4
5459,0
5460,1
5461,5
5462,0
5463,16
5464,9
5465,2
5466,4
5467,5
5468,9
5469,7
5470,2
5471,13
5472,3
5473,20
5474,7
5475,16
5476,3
5477,25
5478,7
5479,7
5480,4
5481,16
5482,1
5483,20
5484,1
5485,0
5486,0
5487,2
5488,26
5489,10
5490,7
5491,6
5492,4
5493,10
5494,2
5495,2
5496,0
5497,2
5498,7
5499,11
5500,2
5501,6
5502,16
5503,4
5504,0
5505,8
5506,13
5507,3
5508,0
5509,3
5510,3
5511,13
5512,2
5513,7
5514,2
5515,5
5516,3
5517,17
5518,8
5519,9
5520,0
5521,3
5522,7
5523,5
5524,3
5525,8
5526,3
5527,8
5528,10
5529,11
5530,25
5531,5
5532,3
5533,6
5534,6
5535,13
5536,25
5537,20
5538,11
5539,3
5540,9
5541,0
5542,13
5543,5
5544,10
5545,7
5546,16
5547,13
5548,0
5549,3
5550,11
5551,10
5552,13
5553,2
5554,10
5555,3
5556,10
5557,0
5558,10
5559,26
5560,16
5561,0
5562,0
5563,6
5564,20
5565,5
5566,8
5567,3
5568,3
5569,7
5570,13
5571,18
5572,0
5573,0
5574,0
5575,0
5576,19
5577,10
5578,3
5579,0
5580,1
5581,12
5582,15
5583,3
5584,6
5585,3
5586,0
5587,7
5588,9
5589,5
5590,20
5591,8
5592,0
5593,8
5594,0
5595,4
5596,13
5597,0
5598,4
5599,0
5600,8
5601,8
5602,3
5603,8
5604,4
5605,3
5606,4
5607,0
5608,0
5609,0
5610,7
5611,3
5612,3
5616,6
5622,9
5627,10
5628,0
5629,0
5631,20
5632,8
5633,0
5635,4
5641,23
5642,10
5643,6
5644,3
5645,8
5646,16
5647,25
5648,4
5649,5
5650,3
5651,19
5652,0
5653,7
5654,19
5655,6
5656,20
5657,15
5658,3
